<?xml version="1.0" encoding="UTF-8"?>
<project-private xmlns="http://www.netbeans.org/ns/project-private/1">
    <editor-bookmarks xmlns="http://www.netbeans.org/ns/editor-bookmarks/2" lastBookmarkId="0"/>
    <open-files xmlns="http://www.netbeans.org/ns/projectui-open-files/2">
        <group>
            <file>file:/C:/xampp/htdocs/noticias/js/borrarNoticia.js</file>
            <file>file:/C:/xampp/htdocs/noticias/View/formularioModificarNoticia.php</file>
            <file>file:/C:/xampp/htdocs/noticias/administrarGaleria.php</file>
            <file>file:/C:/xampp/htdocs/noticias/js/jquery-ui-1.11.4.custom/jquery.ui.datepicker-es.js</file>
            <file>file:/C:/xampp/htdocs/noticias/index.php</file>
            <file>file:/C:/xampp/htdocs/noticias/prueba.php</file>
            <file>file:/C:/xampp/htdocs/noticias/panelAdmin.php</file>
            <file>file:/C:/xampp/htdocs/noticias/Model/BlogDB.php</file>
            <file>file:/C:/xampp/htdocs/noticias/administrarComentarios.php</file>
            <file>file:/C:/xampp/htdocs/noticias/leerMas/js/loginFacebook.js</file>
        </group>
    </open-files>
</project-private>
